i,j,k,drag_area,lift_area,moment_volume
0,0,0,8.54e-2,4.79e-2,7.87e-3
0,0,1,5.33e-4,-5.78e-3,-2.17e-3
0,0,2,-1.24e-4,2.63e-4,1.64e-4
0,1,0,7.90e-5,5.91e-3,2.52e-3
0,1,1,7.05e-5,2.57e-4,4.41e-4
0,1,2,9.07e-6,-9.12e-6,-1.58e-5
0,2,0,1.50e-4,2.79e-5,1.36e-5
0,2,1,-2.37e-6,-3.78e-6,-9.50e-6
0,2,2,-1.67e-7,-1.62e-8,3.21e-7
1,0,0,3.74e-4,4.78e-3,5.77e-5
1,0,1,-3.82e-4,-1.02e-3,5.39e-4
1,0,2,2.38e-5,7.87e-5,-2.63e-5
1,1,0,2.71e-4,6.50e-4,6.90e-4
1,1,1,-3.63e-5,-1.41e-5,-1.99e-4
1,1,2,-6.02e-8,-3.41e-6,7.54e-6
1,2,0,3.74e-6,-1.51e-5,-1.41e-5
1,2,1,9.61e-7,1.15e-6,4.74e-6
1,2,2,-9.33e-9,5.33e-8,-1.88e-7
2,0,0,4.53e-5,5.20e-4,5.16e-5
2,0,1,4.19e-5,9.20e-5,-3.86e-5
2,0,2,-1.38e-6,-5.02e-6,1.41e-6
2,1,0,4.25e-5,4.39e-6,-3.19e-5
2,1,1,6.17e-7,1.59e-6,1.35e-5
2,1,2,3.64e-8,2.02e-7,-5.61e-7
2,2,0,-1.49e-6,-6.47e-7,3.82e-7
2,2,1,-2.05e-8,-9.23e-8,-3.33e-7
2,2,2,-1.54e-10,-2.79e-9,1.48e-8
3,0,0,1.20e-5,-8.85e-6,-4.00e-6
3,0,1,-1.56e-6,-2.33e-6,1.04e-6
3,0,2,4.91e-8,1.13e-7,-3.20e-8
3,1,0,-1.71e-6,-1.12e-6,4.26e-7
3,1,1,6.70e-8,-7.78e-9,-3.22e-7
3,1,2,-3.62e-9,-5.30e-9,1.39e-8
3,2,0,4.73e-8,3.64e-8,8.00e-10
3,2,1,-7.22e-10,1.84e-9,7.90e-9
3,2,2,4.09e-11,5.67e-11,-3.73e-10
4,0,0,-1.63e-7,9.96e-9,4.03e-8
4,0,1,1.56e-8,1.99e-8,-7.89e-9
4,0,2,-4.75e-10,-9.03e-10,2.08e-10
4,1,0,1.67e-8,1.36e-8,-1.46e-9
4,1,1,-9.27e-10,-3.46e-10,2.45e-9
4,1,2,4.15e-11,4.95e-11,-1.07e-10
4,2,0,-4.05e-10,-3.58e-10,-5.47e-11
4,2,1,8.76e-12,-8.53e-12,-6.05e-11
4,2,2,-3.92e-13,-4.38e-13,2.95e-12
