alpha_deg,theta_deg,ski_opening_deg,drag_area_m2,lift_area_m2,moment_volume_m3
0.0,10,25,0.094965,0.12645249999999997,0.0904925
0.1,10,25,0.095088370451915,0.12794425981049598,0.0904950121454855
0.2,10,25,0.09522820168064,0.12945416565793597,0.090490545107768
0.3,10,25,0.095384411142615,0.13098203255767596,0.0904791535493255
0.4,10,25,0.09555691649024001,0.13252767604697596,0.090460891964288
0.5,10,25,0.095745635571875,0.13409091218499997,0.0904358146784375
0.6,10,25,0.09595048643184,0.13567155755281599,0.090403975849208
0.7,10,25,0.096171387310415,0.13726942925339597,0.0903654294656855
0.8,10,25,0.09640825664383999,0.13888434491161597,0.09032022934860799
0.9,10,25,0.096661013064315,0.14051612267425598,0.0902684291503655
1.0,10,25,0.0969295754,0.14216458120999997,0.090210082355
1.1,10,25,0.097213862675015,0.14382953970943596,0.0901452422782055
1.2,10,25,0.09751379410944,0.14551081788505596,0.090073962067328
1.3,10,25,0.097829289119315,0.14720823597125599,0.08999629470136548
1.4,10,25,0.09816026731664,0.148921614724336,0.08991229299096799
1.5,10,25,0.098506648509375,0.15065077542249997,0.08982200957843751
1.6,10,25,0.09886835270144,0.15239553986585597,0.089725496937728
1.7,10,25,0.099245300092715,0.15415573037641597,0.0896228073744455
1.8,10,25,0.09963741107903999,0.155931169798096,0.08951399302584799
1.9,10,25,0.100044606252215,0.15772168149671598,0.08939910586084548
2.0,10,25,0.1004668064,0.15952708935999999,0.08927819767999999
2.1,10,25,0.100903932506115,0.161347217797576,0.08915132011552548
2.2,10,25,0.10135590575023999,0.16318189174097597,0.089018524631288
2.3,10,25,0.10182264750801501,0.16503093664363597,0.08887986252280548
2.4,10,25,0.10230407935104,0.16689417848089597,0.08873538491724799
2.5,10,25,0.102800123046875,0.16877144374999997,0.08858514277343749
2.6,10,25,0.10331070055904,0.170662559470096,0.08842918688184798
2.7,10,25,0.103835734047015,0.17256735318223598,0.08826756786460552
2.8,10,25,0.10437514586624,0.17448565294937599,0.08810033617548799
2.9,10,25,0.104928858568115,0.176417287356376,0.08792754209992548
3.0,10,25,0.1054967949,0.17836208550999996,0.08774923575500003
3.1,10,25,0.106078877805215,0.18031987703891597,0.08756546708944551
3.2,10,25,0.10667503042304,0.182290492093696,0.08737628588364799
3.3,10,25,0.10728517608871499,0.18427376134681597,0.08718174174964549
3.4,10,25,0.10790923833344,0.18626951599265598,0.08698188413112799
3.5,10,25,0.108547140884375,0.18827758774749997,0.08677676230343749
3.6,10,25,0.10919880766463999,0.19029780884953598,0.08656642537356798
3.7,10,25,0.109864162793315,0.19233001205885597,0.0863509222801655
3.8,10,25,0.11054313058543999,0.19437403065745595,0.08613030179352797
3.9,10,25,0.111235635552015,0.19642969844923597,0.0859046125156055
4.0,10,25,0.11194160239999999,0.19849684975999998,0.08567390287999999
4.1,10,25,0.112660956032315,0.200575319437456,0.08543822115196546
4.2,10,25,0.11339362154784,0.20266494285121597,0.08519761542840797
4.3,10,25,0.11413952424141498,0.20476555589279596,0.0849521336378855
4.4,10,25,0.11489858960383999,0.20687699497561596,0.084701823540608
4.5,10,25,0.115670743321875,0.20899909703499997,0.08444673272843746
4.6,10,25,0.11645591127824001,0.21113169952817595,0.08418690862488797
4.7,10,25,0.117254019551615,0.21327464043427596,0.0839223984851255
4.8,10,25,0.11806499441663999,0.21542775825433597,0.08365324939596797
4.9,10,25,0.11888876234391499,0.21759089201129594,0.08337950827588547
5.0,10,25,0.11972525,0.21976388124999996,0.08310122187499998
5.1,10,25,0.120574384247415,0.22194656603719595,0.08281843677508545
5.2,10,25,0.12143609214464,0.22413878696153605,0.08253119938956793
5.3,10,25,0.122310300946115,0.226340385133576,0.08223955596352552
5.4,10,25,0.12319693810223999,0.228551202185776,0.08194355257368802
5.5,10,25,0.124095931259375,0.23077108027249996,0.08164323512843752
5.6,10,25,0.12500720825984,0.232999862070016,0.08133864936780798
5.7,10,25,0.125930697141915,0.23523739077649597,0.08102984086348547
5.8,10,25,0.12686632613984,0.237483510112016,0.08071685501880796
5.9,10,25,0.127814023683815,0.239738064318556,0.08039973706876548
6.0,10,25,0.12877371840000001,0.24200089815999995,0.08007853208000006
6.1,10,25,0.129745339110515,0.24427185692213596,0.07975328495080551
6.2,10,25,0.13072881483344,0.246550786412656,0.07942404041112801
6.3,10,25,0.131724074782815,0.24883753296115593,0.07909084302256544
6.4,10,25,0.13273104836864,0.25113194341913603,0.07875373717836796
6.5,10,25,0.13374966519687498,0.25343386515999994,0.07841276710343746
6.6,10,25,0.13477985506943999,0.25574314607905596,0.07806797685432797
6.7,10,25,0.135821547984215,0.25805963459351594,0.07771941031924547
6.8,10,25,0.13687467413503998,0.26038317964249597,0.07736711121804798
6.9,10,25,0.13793916391171498,0.2627136306870159,0.07701112310224544
7.0,10,25,0.13901494790000002,0.26505083771,0.07665148935499999
7.1,10,25,0.140101956881615,0.267394651216276,0.07628825319112546
7.2,10,25,0.14120012183424,0.269744922232576,0.07592145765708797
7.3,10,25,0.142309373931515,0.27210150230753594,0.07555114563100548
7.4,10,25,0.14342964454304,0.27446424351169596,0.07517735982264798
7.5,10,25,0.144560865234375,0.2768329984374999,0.07480014277343754
7.6,10,25,0.14570296776704,0.27920762019929596,0.07441953685644793
7.7,10,25,0.146855884098515,0.28158796243333595,0.07403558427640543
7.8,10,25,0.14801954638224,0.28397387929777596,0.07364832706968798
7.9,10,25,0.14919388696761499,0.28636522547267595,0.07325780710432545
8.0,10,25,0.1503788384,0.28876185616,0.07286406607999996
8.1,10,25,0.151574333420715,0.291163627083616,0.07246714552804545
8.2,10,25,0.15278030496704,0.293570394489296,0.07206708681144791
8.3,10,25,0.15399668617221499,0.29598201514471595,0.07166393112484544
8.4,10,25,0.15522341036544002,0.29839834633945594,0.0712577194945279
8.5,10,25,0.15646041107187503,0.3008192458849999,0.07084849277843747
8.6,10,25,0.15770762201263996,0.303244572114736,0.07043629166616797
8.7,10,25,0.15896497710481497,0.30567418388395595,0.07002115667896547
8.8,10,25,0.16023241046144,0.30810794056985596,0.06960312816972798
8.9,10,25,0.161509856391515,0.3105457020715359,0.06918224632300543
9.0,10,25,0.1627972494,0.31298732880999997,0.0687585511549999
9.1,10,25,0.16409452418781498,0.315432681728156,0.06833208251356541
9.2,10,25,0.16540161565184003,0.31788162229081596,0.06790288007820793
9.3,10,25,0.166718458884915,0.32033401248469595,0.0674709833600855
9.4,10,25,0.16804498917584004,0.32278971481841595,0.067036431702008
9.5,10,25,0.169381142009375,0.32524859232250003,0.06659926427843756
9.6,10,25,0.17072685306624,0.32771050854937595,0.06615952009548791
9.7,10,25,0.17208205822311498,0.330175327573376,0.06571723799092542
9.8,10,25,0.17344669355264,0.3326429139907359,0.06527245663416793
9.9,10,25,0.174820695323415,0.335113132919596,0.06482521452628545
10.0,10,25,0.17620400000000003,0.33758584999999997,0.06437554999999993
10.1,10,25,0.17759654424291502,0.340060931393896,0.06392350121968546
10.2,10,25,0.17899826490864001,0.3425382437851359,0.0634691061813679
10.3,10,25,0.18040909904961502,0.34501765437947596,0.06301240271272554
10.4,10,25,0.18182898391424004,0.3474990309045761,0.06255342847308784
10.5,10,25,0.18325785694687502,0.34998224160999997,0.06209222095343744
10.6,10,25,0.18469565578784003,0.352467155267216,0.061628817476408006
10.7,10,25,0.186142318273415,0.35495364116959593,0.06116325519628548
10.8,10,25,0.18759778243584,0.3574415691324159,0.06069557109900803
10.9,10,25,0.189061986503315,0.3599308094928559,0.060225802002165416
11.0,10,25,0.19053486890000002,0.3624212331099999,0.05975398455500002
11.1,10,25,0.192016368246015,0.36491271136483594,0.05928015523840546
11.2,10,25,0.19350642335744003,0.367405116160256,0.05880435036492795
11.3,10,25,0.19500497324631502,0.3698983199210561,0.05832660607876536
11.4,10,25,0.19651195712064,0.372392195593936,0.05784695835576795
11.5,10,25,0.19802731438437501,0.3748866166474999,0.05736544300343747
11.6,10,25,0.19955098463744,0.377381457072256,0.056882095660927896
11.7,10,25,0.20108290767571502,0.37987659138061597,0.056396951799045573
11.8,10,25,0.20262302349104,0.38237189460689597,0.055910046720247956
11.9,10,25,0.20417127227121498,0.38486724230731584,0.05542141555864541
12.0,10,25,0.20572759440000005,0.38736251056,0.05493109328000003
12.1,10,25,0.20729193045711497,0.38985757596497594,0.05443911468172545
12.2,10,25,0.20886422121824,0.3923523156441759,0.05394551439288802
12.3,10,25,0.21044440765501501,0.3948466072414358,0.05345032687420559
12.4,10,25,0.21203243093504,0.397340328922496,0.052953586418047954
12.5,10,25,0.21362823242187498,0.3998333593749999,0.052455327148437376
12.6,10,25,0.21523175367504,0.40232557780849587,0.051955583021047885
12.7,10,25,0.21684293645001498,0.4048168639544357,0.05145438782320542
12.8,10,25,0.21846172269824002,0.4073070980661761,0.050951775173887916
12.9,10,25,0.220088054567115,0.4097961609189759,0.05044777852372523
13.0,10,25,0.2217218744,0.4122839338099999,0.049942431154999904
13.1,10,25,0.22336312473621503,0.41477029855831604,0.049435766181645455
13.2,10,25,0.22501174831103998,0.41725513750489596,0.04892781654924793
13.3,10,25,0.226667688055715,0.41973833351261586,0.04841861503504546
13.4,10,25,0.22833088709744,0.42221976996625593,0.047908194247927915
13.5,10,25,0.230001288759375,0.4246993307724999,0.0473965866284375
13.6,10,25,0.23167883656063998,0.427176900359936,0.04688382444876795
13.7,10,25,0.23336347421631504,0.42965236367905596,0.04636993981276534
13.8,10,25,0.23505514563744004,0.4321256062022559,0.04585496465592782
13.9,10,25,0.23675379493101498,0.434596513923836,0.04533893074540531
14.0,10,25,0.23845936640000004,0.43706497336,0.04482186967999998
14.1,10,25,0.24017180454331505,0.439530871548856,0.04430381289016543
14.2,10,25,0.24189105405584002,0.441994096050416,0.04378479163800793
14.3,10,25,0.24361705982841503,0.4444545349465959,0.04326483701728536
14.4,10,25,0.24534976694784003,0.44691207684121603,0.042743979953407917
14.5,10,25,0.24708912069687505,0.44936661086,0.04222225120343739
14.6,10,25,0.24883506655423998,0.45181802665057585,0.04169968135608789
14.7,10,25,0.250587550194615,0.454266214382476,0.04117630083172562
14.8,10,25,0.25234651748864007,0.4567110647471358,0.04065213988236795
14.9,10,25,0.25411191450291504,0.45915246895789597,0.040127228591685306
15.0,10,25,0.2558836875,0.4615903187499998,0.03960159687500005
15.1,10,25,0.2576617829384151,0.46402450638059606,0.039075274479285375
15.2,10,25,0.25944614747264005,0.46645492462873595,0.03854829098316787
15.3,10,25,0.2612367279531151,0.468881466795376,0.03802067579692512
15.4,10,25,0.26303347142624,0.471304026703376,0.03749245816248781
15.5,10,25,0.26483632513437505,0.4737224986975,0.036963667153437324
15.6,10,25,0.26664523651584005,0.4761367776444159,0.03643433167500795
15.7,10,25,0.26846015320491495,0.4785467589326958,0.035904480464085384
15.8,10,25,0.27028102303184004,0.4809523384728159,0.0353741420892078
15.9,10,25,0.27210779402281493,0.4833534126971559,0.03484334495056537
16.0,10,25,0.2739404144,0.48574987855999996,0.034312117279999825
16.1,10,25,0.27577883258151503,0.4881416335375359,0.033780487141005365
16.2,10,25,0.27762299718144,0.490528575627856,0.03324848242872788
16.3,10,25,0.27947285700981506,0.49291060335095604,0.03271613086996549
16.4,10,25,0.28132836107264003,0.4952876157487361,0.03218346002316779
16.5,10,25,0.2831894585718751,0.49765951238500006,0.03165049727843737
16.6,10,25,0.28505609890544004,0.5000261933454558,0.031117269857527885
16.7,10,25,0.286928231667215,0.5023875592377159,0.03058380481384535
16.8,10,25,0.28880580664704003,0.5047435111912959,0.030050129032447737
16.9,10,25,0.290688773830715,0.507093950857616,0.02951626923004538
17.0,10,25,0.2925770834000001,0.5094387804099998,0.02898225195499987
17.1,10,25,0.294470685732615,0.5117779025436758,0.028448103587325423
17.2,10,25,0.2963695314022399,0.514111220475776,0.02791385033868783
17.3,10,25,0.29827357117851505,0.5164386379453358,0.027379518252405297
17.4,10,25,0.30018275602704,0.5187600592132959,0.026845133203447908
17.5,10,25,0.30209703710937513,0.5210753890624998,0.026310720898437293
17.6,10,25,0.30401636578304,0.5233845327976958,0.025776306875647907
17.7,10,25,0.305940693601515,0.525687396245536,0.02524191650500531
17.8,10,25,0.30786997231424007,0.5279838857545759,0.02470757498808784
17.9,10,25,0.30980415386661503,0.5302739081952761,0.024173307358125288
18.0,10,25,0.3117431904000001,0.5325573709599999,0.02363913847999969
18.1,10,25,0.3136870342517151,0.5348341819630161,0.023105093050245076
18.2,10,25,0.31563563795503996,0.5371042496404959,0.02257119559704775
18.3,10,25,0.31758895423921507,0.5393674829505158,0.022037470480245187
18.4,10,25,0.3195469360294401,0.5416237913730558,0.021503941891327795
18.5,10,25,0.321509536446875,0.5438730849099999,0.02097063385343747
18.6,10,25,0.32347670880864,0.5461152740851357,0.020437570221368034
18.7,10,25,0.32544840662781505,0.5483502699441559,0.01990477468156534
18.8,10,25,0.3274245836134402,0.550577984054656,0.01937227075212796
18.9,10,25,0.32940519367051496,0.5527983285061361,0.018840081782805385
19.0,10,25,0.33139019090000005,0.55501121591,0.01830823095500019
19.1,10,25,0.333379529598815,0.5572165593995557,0.017776741281765367
19.2,10,25,0.33537316425984004,0.5594142726300158,0.017245635607807733
19.3,10,25,0.337371049571915,0.561604269778496,0.016714936609485226
19.4,10,25,0.33937314041984007,0.5637864655440159,0.016184666794807706
19.5,10,25,0.3413793918843751,0.5659607751475,0.015654848503437437
19.6,10,25,0.3433897592422401,0.5681271143317758,0.015125503906687746
19.7,10,25,0.3454041979661152,0.570285399361576,0.014596655007525218
19.8,10,25,0.34742266372464,0.5724355470235359,0.01406832364056788
19.9,10,25,0.34944511238241505,0.5745774746261959,0.013540531472085681
20.0,10,25,0.3514715000000001,0.5767110999999999,0.013013299999999799
20.1,10,25,0.35350178283391503,0.5788363414972958,0.01248665055388557
20.2,10,25,0.35553591733664014,0.5809531179923361,0.011960604294967755
20.3,10,25,0.357573860156615,0.5830613488812758,0.0114351822161255
20.4,10,25,0.3596155681382401,0.5851609540821758,0.010910405141887757
20.5,10,25,0.3616609983218751,0.5872518540349999,0.010386293728437378
20.6,10,25,0.3637101079438401,0.5893339697016158,0.009862868463608268
20.7,10,25,0.36576285443641504,0.5914072225657961,0.00934014966688522
20.8,10,25,0.36781919542784014,0.5934715346332164,0.008818157489407561
20.9,10,25,0.36987908874231507,0.5955268284314559,0.008296911913965532
21.0,10,25,0.37194249240000005,0.5975730270099999,0.007776432754999791
21.1,10,25,0.3740093646170151,0.599610053940236,0.007256739658605574
21.2,10,25,0.3760796638054401,0.6016378333154561,0.006737852102527955
21.3,10,25,0.3781533485733151,0.6036562897508562,0.006219789396165132
21.4,10,25,0.3802303777246401,0.605665348383536,0.005702570680567934
21.5,10,25,0.3823107102593751,0.6076649348725,0.005186214928437257
21.6,10,25,0.38439430537344005,0.6096549753986557,0.004670740944127995
21.7,10,25,0.38648112245871513,0.611635396664816,0.0041561673636449385
21.8,10,25,0.38857112110303993,0.6136061258956956,0.003642512654647758
21.9,10,25,0.390664261090215,0.6155670908379155,0.0031297951164454634
22.0,10,25,0.3927605024000001,0.6175182197599997,0.0026180328799999685
22.1,10,25,0.394859805208115,0.6194594414523759,0.00210724390792556
22.2,10,25,0.39696212988624013,0.621390685227376,0.0015974459944878105
22.3,10,25,0.3990674370020151,0.6233118809192358,0.0010886567656053273
22.4,10,25,0.40117568731904013,0.6252229588840961,0.0005808936788478652
22.5,10,25,0.40328684179687513,0.6271238499999998,7.417402343734157e-05
22.6,10,25,0.40540086159104016,0.6290144856668963,-0.0004314850797524285
22.7,10,25,0.40751770805301524,0.6308947978066359,-0.0009360666781950978
22.8,10,25,0.40963734273024,0.6327647188629759,-0.001439553987712059
22.9,10,25,0.41175972736611505,0.6346241818015758,-0.0019419303924746085
23.0,10,25,0.4138848239000001,0.6364731201099997,-0.0024431794450001255
23.1,10,25,0.41601259446721506,0.6383114677977159,-0.0029432848661546415
23.2,10,25,0.41814300139904,0.640139159396096,-0.003442230545152326
23.3,10,25,0.420276007222715,0.6419561299584158,-0.00394000053955455
23.4,10,25,0.42241157466144014,0.643762315059856,-0.004436579075271691
23.5,10,25,0.42454966663437504,0.6455576507975,-0.004931950546562259
23.6,10,25,0.42669024625664,0.6473420737903358,-0.005426099516031977
23.7,10,25,0.4288332768393151,0.6491155211792561,-0.005919010714634547
23.8,10,25,0.43097872188944003,0.6508779306270555,-0.006410669041672267
23.9,10,25,0.433126545110015,0.6526292403184359,-0.006901059564794343
24.0,10,25,0.43527671040000027,0.6543693889600001,-0.0073901675200000886
24.1,10,25,0.4374291818543151,0.6560983157802558,-0.007877978311634457
24.2,10,25,0.4395839237638399,0.6578159605296159,-0.008364477512392091
24.3,10,25,0.441740900615415,0.659522263480396,-0.008849650863314285
24.4,10,25,0.4439000770918401,0.6612171654268156,-0.009333484273791909
24.5,10,25,0.44606141807187505,0.662900607685,-0.009815963821562718
24.6,10,25,0.44822488863024007,0.6645725320929754,-0.010297075752711583
24.7,10,25,0.4503904540376152,0.6662328810106761,-0.01077680648167483
24.8,10,25,0.45255807976064016,0.6678815973199358,-0.011255142591232331
24.9,10,25,0.45472773146191486,0.6695186244244954,-0.01173207083251471
25.0,10,25,0.456899375,0.6711439062499999,-0.012207578125000253
25.1,10,25,0.4590729764294154,0.6727573872439965,-0.012681651556515055
25.2,10,25,0.4612485020006401,0.6743590123759354,-0.013154278383232309
25.3,10,25,0.46342591816011514,0.6759487271371759,-0.013625446029674658
25.4,10,25,0.46560519155024,0.6775264775409751,-0.014095142088712105
25.5,10,25,0.4677862890093752,0.6790922101225001,-0.01456335432156245
25.6,10,25,0.4699691775718401,0.6806458719388163,-0.015030070657792244
25.7,10,25,0.4721538244679152,0.6821874105688958,-0.015495279195314321
25.8,10,25,0.47434019712384,0.6837167741136158,-0.015958968200392967
25.9,10,25,0.47652826316181524,0.6852339111957563,-0.016421126107634205
26.0,10,25,0.4787179904,0.6867387709599997,-0.016881741520000316
26.1,10,25,0.4809093468525152,0.6882313030729361,-0.01734080320879473
26.2,10,25,0.4831023007294402,0.6897114577230564,-0.0177983001136723
26.3,10,25,0.48529682043681505,0.691179185620756,-0.018254221342634887
26.4,10,25,0.4874928745766399,0.6926344379983359,-0.018708556172032223
26.5,10,25,0.4896904319468751,0.69407716661,-0.019161294046562652
26.6,10,25,0.4918894615414401,0.6955073237318555,-0.019612424579272224
26.7,10,25,0.49408993255021527,0.696924862161916,-0.020061937551554776
26.8,10,25,0.4962918143590401,0.6983297352200959,-0.02050982291315223
26.9,10,25,0.49849507654971503,0.6997218967482155,-0.02095607078215454
27.0,10,25,0.5006996889,0.7011013011099997,-0.021400671444999995
27.1,10,25,0.5029056213836154,0.702467903191076,-0.021843615356474992
27.2,10,25,0.50511284417024,0.703821658398976,-0.02228489313971227
27.3,10,25,0.5073213276255151,0.7051625226631356,-0.02272449558619421
27.4,10,25,0.5095310423110402,0.7064904524348957,-0.02316241365575267
27.5,10,25,0.5117419589843751,0.7078054046874996,-0.023598638476562687
27.6,10,25,0.5139540485990403,0.7091073369160956,-0.02403316134515257
27.7,10,25,0.516167282304515,0.7103962071377358,-0.02446597372639511
27.8,10,25,0.5183816314462399,0.7116719738913759,-0.02489706725351249
27.9,10,25,0.5205970675656152,0.712934596237876,-0.025326433728074804
28.0,10,25,0.5228135624000003,0.7141840337600001,-0.02575406511999997
28.1,10,25,0.5250310878827154,0.7154202465624159,-0.026179953567555037
28.2,10,25,0.5272496161430402,0.7166431952716962,-0.026604091377352108
28.3,10,25,0.5294691195062149,0.7178528410363159,-0.027026471024354574
28.4,10,25,0.5316895704934402,0.7190491455266562,-0.027447085151872067
28.5,10,25,0.5339109418218753,0.720232070935,-0.027865926571562567
28.6,10,25,0.5361332064046401,0.7214015799755356,-0.028282988263432417
28.7,10,25,0.5383563373508151,0.7225576358843553,-0.02869826337583497
28.8,10,25,0.5405803079654402,0.7237002024194562,-0.029111745225472045
28.9,10,25,0.5428050917495147,0.7248292438607356,-0.029523427297394524
29.0,10,25,0.5450306624000002,0.72594472501,-0.029933303245000206
29.1,10,25,0.5472569938098153,0.7270466111909555,-0.03034136689003565
29.2,10,25,0.54948406006784,0.7281348682492155,-0.03074761222259264
29.3,10,25,0.5517118354589152,0.7292094625522961,-0.03115203340111469
29.4,10,25,0.5539402944638401,0.7302703609896157,-0.03155462475239166
29.5,10,25,0.5561694117593754,0.7313175309725,-0.03195538077156247
29.6,10,25,0.5583991622182402,0.7323509404341748,-0.03235429612211217
29.7,10,25,0.5606295209091152,0.7333705578297756,-0.03275136563587428
29.8,10,25,0.5628604630966403,0.7343763521363357,-0.03314658431303273
29.9,10,25,0.5650919642414152,0.7353682928527956,-0.03353994732211482
30.0,10,25,0.567324,0.7363463499999993,-0.03393145000000003
30.1,10,25,0.5695565462249151,0.7373104941206956,-0.03432108785191505
30.2,10,25,0.5717895789646403,0.7382606962795363,-0.03470885655143245
30.3,10,25,0.5740230744636152,0.7391969280630761,-0.035094751940475136
30.4,10,25,0.5762570091622404,0.7401191615797758,-0.03547877002931231
30.5,10,25,0.5784913596968752,0.7410273694599994,-0.0358609069965622
30.6,10,25,0.5807261028998405,0.7419215248560159,-0.03624115918919327
30.7,10,25,0.5829612157994153,0.7428016014419961,-0.036619523122514465
30.8,10,25,0.5851966756198401,0.7436675734140163,-0.03699599548019241
30.9,10,25,0.5874324597813152,0.7445194154900558,-0.037370573114234876
31.0,10,25,0.5896685459000003,0.74535710291,-0.03774325304500062
31.1,10,25,0.591904911788015,0.7461806114356354,-0.03811403246119427
31.2,10,25,0.5941415354534403,0.746989917350656,-0.03848290871987221
31.3,10,25,0.5963783951003153,0.7477849974606556,-0.03884987934643518
31.4,10,25,0.5986154691286399,0.7485658290931354,-0.0392149420346321
31.5,10,25,0.6008527361343751,0.7493323900974994,-0.0395780946465628
31.6,10,25,0.6030901749094402,0.7500846588450558,-0.03993933521267297
31.7,10,25,0.6053277644417152,0.750822614229016,-0.04029866193175505
31.8,10,25,0.6075654839150398,0.7515462356644954,-0.04065607317095257
31.9,10,25,0.6098033127092153,0.7522555030885155,-0.04101156746575457
32.0,10,25,0.6120412304000001,0.75295039696,-0.04136514352000088
32.1,10,25,0.6142792167591152,0.7536308982597758,-0.04171680020587506
32.2,10,25,0.6165172517542402,0.7542969884905758,-0.042066536563912356
32.3,10,25,0.6187553155490151,0.7549486496770362,-0.04241435180299546
32.4,10,25,0.6209933885030402,0.7555858643656962,-0.0427602453003524
32.5,10,25,0.6232314511718752,0.7562086156249996,-0.04310421660156306
32.6,10,25,0.6254694843070403,0.7568168870452959,-0.04344626542055222
32.7,10,25,0.6277074688560151,0.7574106627388352,-0.04378639163959442
32.8,10,25,0.6299453859622403,0.7579899273397762,-0.04412459530931254
32.9,10,25,0.6321832169651151,0.7585546660041764,-0.04446087664867523
33.0,10,25,0.6344209434000005,0.7591048644100005,-0.04479523604500038
33.1,10,25,0.6366585469982154,0.7596405087571155,-0.045127674053953716
33.2,10,25,0.6388960096870402,0.7601615857672954,-0.04545819139955214
33.3,10,25,0.6411333135897153,0.7606680826842164,-0.04578678897415467
33.4,10,25,0.6433704410254402,0.7611599872734557,-0.046113467838472554
33.5,10,25,0.6456073745093751,0.7616372878224994,-0.04643822922156302
33.6,10,25,0.6478440967526403,0.7620999731407355,-0.04676107452083304
33.7,10,25,0.650080590662315,0.7625480325594557,-0.047082005302034886
33.8,10,25,0.6523168393414402,0.7629814559318565,-0.047401023299272156
33.9,10,25,0.6545528260890154,0.7634002336330358,-0.04771813041499568
34.0,10,25,0.6567885344000004,0.7638043565599995,-0.04803332872000049
34.1,10,25,0.6590239479653152,0.7641938161316558,-0.0483466204534347
34.2,10,25,0.66125905067184,0.7645686042888153,-0.0486580080227922
34.3,10,25,0.6634938266024152,0.7649287134941961,-0.04896749400391539
34.4,10,25,0.6657282600358398,0.765274136732416,-0.049275081140992764
34.5,10,25,0.6679623354468751,0.76560486751,-0.049580772346563357
34.6,10,25,0.6701960375062403,0.7659208998553754,-0.04988457070151278
34.7,10,25,0.6724293510806151,0.7662222283188754,-0.050186479455073825
34.8,10,25,0.6746622612326401,0.7665088479727357,-0.05048650202483218
34.9,10,25,0.6768947532209152,0.766780754411096,-0.05078464199671469
35.0,10,25,0.6791268125000006,0.7670379437499992,-0.051080903125000646
35.1,10,25,0.681358424720415,0.7672804126273955,-0.05137528933231552
35.2,10,25,0.68358957572864,0.7675081582031351,-0.05166780470963257
35.3,10,25,0.6858202515671152,0.7677211781589763,-0.05195845351627541
35.4,10,25,0.6880504384742401,0.7679194706985761,-0.052247240179912315
35.5,10,25,0.6902801228843755,0.7681030345475,-0.05253416929656249
35.6,10,25,0.6925092914278405,0.7682718689532156,-0.052819245630592364
35.7,10,25,0.6947379309309154,0.768425973685095,-0.053102474114714124
35.8,10,25,0.6969660284158401,0.7685653490344165,-0.053383859849992714
35.9,10,25,0.6991935711008154,0.7686899958143556,-0.05366340810583597
36.0,10,25,0.7014205464000004,0.7687999153599995,-0.0539411243200013
36.1,10,25,0.7036469419235151,0.7688951095283353,-0.05421701409859341
36.2,10,25,0.7058727454774404,0.7689755806982558,-0.05449108321607341
36.3,10,25,0.7080979450638153,0.7690413317705548,-0.05476333761523441
36.4,10,25,0.71032252888064,0.7690923661679354,-0.05503378340723294
36.5,10,25,0.7125464853218751,0.7691286878349999,-0.05530242687156299
36.6,10,25,0.7147698029774405,0.7691503012382551,-0.055569274456073146
36.7,10,25,0.7169924706332151,0.769157211366115,-0.055834332776954806
36.8,10,25,0.7192144772710406,0.7691494237288954,-0.05609760861875281
36.9,10,25,0.7214358120687158,0.7691269443588165,-0.05635910893435652
37.0,10,25,0.7236564644000002,0.7690897798099997,-0.056618840845000025
37.1,10,25,0.725876423834615,0.7690379371584753,-0.05687681164027434
37.2,10,25,0.7280956801382399,0.7689714240021749,-0.05713302877811182
37.3,10,25,0.7303142232725154,0.7688902484609361,-0.05738749988479418
37.4,10,25,0.7325320433950403,0.7687944191764953,-0.05764023275495281
37.5,10,25,0.7347491308593751,0.7686839453124998,-0.05789123535156276
37.6,10,25,0.7369654762150408,0.7685588365544959,-0.05814051580595215
37.7,10,25,0.7391810702075153,0.7684191031099353,-0.05838808241779502
37.8,10,25,0.7413959037782402,0.7682647557081762,-0.05863394365511271
37.9,10,25,0.7436099680646153,0.7680958056004755,-0.05887810815427485
38.0,10,25,0.7458232544,0.7679122645600004,-0.059120584719999224
38.1,10,25,0.7480357543137154,0.767714144881816,-0.05936138232535541
38.2,10,25,0.7502474595310398,0.7675014593828945,-0.05960051011175224
38.3,10,25,0.7524583619732149,0.7672742214021151,-0.05983797738895509
38.4,10,25,0.7546684537574403,0.7670324448002549,-0.060073793635072745
38.5,10,25,0.7568777271968753,0.7667761439599993,-0.06030796849656229
38.6,10,25,0.7590861748006398,0.7665053337859353,-0.06054051178823281
38.7,10,25,0.7612937892738153,0.766220029704556,-0.06077143349323501
38.8,10,25,0.7635005635174407,0.7659202476642561,-0.06100074376307355
38.9,10,25,0.7657064906285149,0.7656060041353354,-0.06122845291759495
39.0,10,25,0.7679115639000004,0.7652773161099998,-0.06145457144500005
39.1,10,25,0.7701157768208154,0.7649342011023558,-0.06167911000183511
39.2,10,25,0.7723191230758407,0.7645766771484154,-0.061902079412993236
39.3,10,25,0.7745215965459157,0.7642047628060961,-0.06212349067171431
39.4,10,25,0.7767231913078408,0.7638184771552159,-0.06234335493959312
39.5,10,25,0.7789239016343753,0.7634178397975,-0.06256168354656227
39.6,10,25,0.7811237219942401,0.7630028708565756,-0.06277848799091236
39.7,10,25,0.7833226470521146,0.7625735909779747,-0.0629937799392741
39.8,10,25,0.7855206716686403,0.7621300213291355,-0.0632075712266311
39.9,10,25,0.7877177909004149,0.7616721835993953,-0.06341987385631459
40.0,10,25,0.7899140000000007,0.7612000999999996,-0.06363070000000061
40.1,10,25,0.7921092944159156,0.7607137932640962,-0.06384006199771605
40.2,10,25,0.7943036697926406,0.7602132866467357,-0.06404797235783145
40.3,10,25,0.7964971219706157,0.7596986039248764,-0.06425444375707434
40.4,10,25,0.7986896469862408,0.7591697693973767,-0.0644594890405132
40.5,10,25,0.8008812410718754,0.7586268078849988,-0.06466312122156218
40.6,10,25,0.8030719006558402,0.7580697447304147,-0.06486535348199181
40.7,10,25,0.8052616223624157,0.7574986057981965,-0.06506619917191347
40.8,10,25,0.8074504030118402,0.7569134174748156,-0.06526567180979292
40.9,10,25,0.8096382396203152,0.7563142066686555,-0.06546378508243472
41.0,10,25,0.8118251294000004,0.7557010008099992,-0.06566055284500034
41.1,10,25,0.8140110697590148,0.7550738278510343,-0.06585598912099513
41.2,10,25,0.8161960583014409,0.7544327162658554,-0.06605010810227076
41.3,10,25,0.8183800928273148,0.7537776950504536,-0.06624292414903353
41.4,10,25,0.8205631713326405,0.7531087937227366,-0.06643445178983294
41.5,10,25,0.822745292009376,0.7524260423224994,-0.06662470572156211
41.6,10,25,0.8249264532454406,0.7517294714114576,-0.06681370080947328
41.7,10,25,0.8271066536247157,0.7510191120732158,-0.06700145208715522
41.8,10,25,0.8292858919270408,0.7502949959132961,-0.06718797475655194
41.9,10,25,0.8314641671282145,0.7495571550591145,-0.06737328418795563
42.0,10,25,0.8336414784000005,0.7488056221599999,-0.06755739592000085
42.1,10,25,0.8358178251101155,0.7480404303871757,-0.06774032565967565
42.2,10,25,0.8379932068222409,0.7472616134337766,-0.0679220892823123
42.3,10,25,0.840167623296015,0.7464692055148348,-0.06810270283159646
42.4,10,25,0.8423410744870407,0.7456632413672957,-0.06828218251955188
42.5,10,25,0.8445135605468759,0.7448437562499998,-0.06846054472656299
42.6,10,25,0.8466850818230407,0.7440107859436963,-0.06863780600135372
42.7,10,25,0.848855638859015,0.7431643667510347,-0.06881398306099425
42.8,10,25,0.8510252323942408,0.7423045354965762,-0.06898909279091264
42.9,10,25,0.8531938633641147,0.7414313295267752,-0.06916315224487504
43.0,10,25,0.8553615329000004,0.7405447867099995,-0.06933617864500079
43.1,10,25,0.8575282423292153,0.7396449454365155,-0.0695081893817561
43.2,10,25,0.8596939931750405,0.7387318446184942,-0.0696792020139525
43.3,10,25,0.8618587871567153,0.7378055236900151,-0.06984923426875386
43.4,10,25,0.8640226261894408,0.7368660226070566,-0.07001830404167393
43.5,10,25,0.8661855123843752,0.735913381847499,-0.07018642939656357
43.6,10,25,0.8683474480486398,0.7349476424111343,-0.07035362856563257
43.7,10,25,0.8705084356853157,0.7339688458196544,-0.07051991994943523
43.8,10,25,0.8726684779934405,0.7329770341166548,-0.07068532211687217
43.9,10,25,0.8748275778680161,0.7319722498676365,-0.07084985380519604
44.0,10,25,0.8769857384000005,0.7309545361599983,-0.0710135339200008
44.1,10,25,0.879142962876315,0.7299239366030553,-0.07117638153523449
44.2,10,25,0.8812992547798397,0.7288804953280155,-0.07133841589319188
44.3,10,25,0.883454617789415,0.7278242569879952,-0.07149965640451532
44.4,10,25,0.885609055779841,0.726755266758016,-0.0716601226481931
44.5,10,25,0.8877625728218754,0.7256735703349995,-0.07181983437156397
44.6,10,25,0.889915173182241,0.7245792139377747,-0.07197881149031218
44.7,10,25,0.8920668613236146,0.7234722443070751,-0.07213707408847503
44.8,10,25,0.8942176419046407,0.7223527087055364,-0.07229464241843268
44.9,10,25,0.8963675197799158,0.7212206549176957,-0.07245153690091642
45.0,10,25,0.8985165000000009,0.7200761312499997,-0.07260777812500076
45.1,10,25,0.9006645878114152,0.7189191865307948,-0.07276338684811415
45.2,10,25,0.902811788656641,0.7177498701103374,-0.0729183839960341
45.3,10,25,0.9049581081741156,0.7165682318607753,-0.07307279066287499
45.4,10,25,0.9071035521982417,0.715374322176176,-0.07322662811111516
45.5,10,25,0.9092481267593749,0.7141681919725,-0.07337991777156215
45.6,10,25,0.9113918380838397,0.7129498926876153,-0.07353268124339148
45.7,10,25,0.9135346925939154,0.7117194762812946,-0.07368494029411288
45.8,10,25,0.9156766969078404,0.7104769952352152,-0.07383671685959307
45.9,10,25,0.917817857839815,0.7092225025529552,-0.0739880330440348
46.0,10,25,0.9199581824000006,0.7079560517599991,-0.07413891112000061
46.1,10,25,0.9220976777945157,0.706677696903736,-0.07428937352839472
46.2,10,25,0.9242363514254401,0.7053874925534549,-0.07443944287847246
46.3,10,25,0.9263742108908152,0.7040854938003565,-0.0745891419478344
46.4,10,25,0.9285112639846398,0.7027717562575355,-0.07473849368243336
46.5,10,25,0.9306475186968752,0.7014463360600001,-0.07488752119656208
46.6,10,25,0.9327829832134406,0.7001092898646551,-0.07503624777287281
46.7,10,25,0.934917665916215,0.6987606748503152,-0.07518469686235671
46.8,10,25,0.937051575383041,0.6974005487176964,-0.07533289208435028
46.9,10,25,0.9391847203877159,0.6960289696894149,-0.07548085722655601
47.0,10,25,0.9413171099000004,0.6946459965100004,-0.07562861624499875
47.1,10,25,0.9434487530856152,0.693251688445874,-0.07577619326407604
47.2,10,25,0.9455796593062398,0.691846105285375,-0.07592361257651095
47.3,10,25,0.9477098381195147,0.6904293073387333,-0.07607089864339338
47.4,10,25,0.9498392992790406,0.6890013554380962,-0.07621807609415114
47.5,10,25,0.9519680527343756,0.687562310937498,-0.07636516972656367
47.6,10,25,0.9540961086310403,0.6861122357128936,-0.07651220450675268
47.7,10,25,0.9562234773105165,0.6846511921621374,-0.07665920556919635
47.8,10,25,0.9583501693102404,0.683179243204975,-0.07680619821671085
47.9,10,25,0.9604761953636157,0.6816964522830736,-0.0769532079204735
48.0,10,25,0.9626015664000019,0.6802028833600012,-0.077100260320001
48.1,10,25,0.9647262935447148,0.6786986009212153,-0.0772473812231575
48.2,10,25,0.9668503881190409,0.6771836699740951,-0.07739459660615015
48.3,10,25,0.9689738616402146,0.6756581560479135,-0.0775419326135544
48.4,10,25,0.9710967258214395,0.6741221251938557,-0.07768941555827168
48.5,10,25,0.9732189925718753,0.6725756439849985,-0.07783707192156401
48.6,10,25,0.9753406739966404,0.6710187795163357,-0.0779849283530308
48.7,10,25,0.9774617823968167,0.6694515994047567,-0.078133011670635
48.8,10,25,0.9795823302694411,0.6678741717890537,-0.07828134886067117
48.9,10,25,0.9817023303075157,0.666286565329936,-0.0784299670777968
49.0,10,25,0.9838217954000006,0.6646888492099999,-0.0785788936450002
49.1,10,25,0.985940738631815,0.6630810931337554,-0.07872815605363508
49.2,10,25,0.9880591732838406,0.6614633673276129,-0.07887778196338976
49.3,10,25,0.9901771128329163,0.6598357425398953,-0.07902779920231574
49.4,10,25,0.9922945709518416,0.658198290040817,-0.07917823576679317
49.5,10,25,0.9944115615093752,0.6565510816224995,-0.07932911982156342
49.6,10,25,0.9965280985702408,0.6548941895989742,-0.07948047969971392
49.7,10,25,0.9986441963951158,0.6532276868061739,-0.07963234390267591
49.8,10,25,1.0007598694406392,0.6515516466019329,-0.07978474110023223
49.9,10,25,1.0028751323594154,0.6498661428659948,-0.07993770013051547
50.0,10,25,1.0049900000000005,0.6481712499999994,-0.08009125000000045
